{"cameraMode":{"drawMode":0,"name":"Shaded","section":"Shading Mode"},"sceneLighting":false,"audioPlay":false,"sceneViewState":{"showFog":true,"showMaterialUpdate":false,"showSkybox":true,"showFlares":true,"showImageEffects":true,"showParticleSystems":true},"in2DMode":false,"pivot":{"x":1.6785001754760743,"y":-2.647839307785034,"z":4.980134010314941},"rotation":{"x":-0.4766812324523926,"y":-0.002687743166461587,"z":0.0011189798824489117,"w":-0.8792139887809753},"size":56.03791046142578,"orthographic":false}